ID,CSV,HEIGHTMAP
10,bumps1_training_10.csv,bumps1.png
11,bumps1_training_11.csv,bumps1.png
12,bumps1_training_12.csv,bumps1.png
13,bumps1_training_13.csv,bumps1.png
14,bumps1_training_14.csv,bumps1.png
15,bumps1_training_15.csv,bumps1.png
16,bumps1_training_16.csv,bumps1.png
17,bumps1_training_17.csv,bumps1.png
18,bumps1_training_18.csv,bumps1.png
19,bumps1_training_19.csv,bumps1.png
20,bumps1_training_20.csv,bumps1.png
21,bumps1_training_21.csv,bumps1.png
22,bumps1_training_22.csv,bumps1.png
23,bumps1_training_23.csv,bumps1.png
24,bumps1_training_24.csv,bumps1.png
25,bumps1_training_25.csv,bumps1.png
26,bumps1_training_26.csv,bumps1.png
27,bumps1_training_27.csv,bumps1.png
28,bumps1_training_28.csv,bumps1.png
29,bumps1_training_29.csv,bumps1.png
30,bumps1_training_30.csv,bumps1.png
31,bumps1_training_31.csv,bumps1.png
32,bumps1_training_32.csv,bumps1.png
33,bumps1_training_33.csv,bumps1.png
34,bumps1_training_34.csv,bumps1.png
35,bumps1_training_35.csv,bumps1.png
36,bumps1_training_36.csv,bumps1.png
37,bumps1_training_37.csv,bumps1.png
38,bumps1_training_38.csv,bumps1.png
39,bumps1_training_39.csv,bumps1.png
40,bumps1_training_40.csv,bumps1.png
41,bumps1_training_41.csv,bumps1.png
42,bumps1_training_42.csv,bumps1.png
43,bumps1_training_43.csv,bumps1.png
44,bumps1_training_44.csv,bumps1.png
46,bumps1_training_46.csv,bumps1.png
47,bumps1_training_47.csv,bumps1.png
48,bumps1_training_48.csv,bumps1.png
49,bumps1_training_49.csv,bumps1.png
60,bumps2_training_10.csv,bumps2.png
61,bumps2_training_11.csv,bumps2.png
62,bumps2_training_12.csv,bumps2.png
64,bumps2_training_14.csv,bumps2.png
66,bumps2_training_16.csv,bumps2.png
67,bumps2_training_17.csv,bumps2.png
68,bumps2_training_18.csv,bumps2.png
69,bumps2_training_19.csv,bumps2.png
70,bumps2_training_20.csv,bumps2.png
72,bumps2_training_22.csv,bumps2.png
73,bumps2_training_23.csv,bumps2.png
74,bumps2_training_24.csv,bumps2.png
75,bumps2_training_25.csv,bumps2.png
76,bumps2_training_26.csv,bumps2.png
77,bumps2_training_27.csv,bumps2.png
78,bumps2_training_28.csv,bumps2.png
79,bumps2_training_29.csv,bumps2.png
80,bumps2_training_30.csv,bumps2.png
81,bumps2_training_31.csv,bumps2.png
82,bumps2_training_32.csv,bumps2.png
83,bumps2_training_33.csv,bumps2.png
84,bumps2_training_34.csv,bumps2.png
85,bumps2_training_35.csv,bumps2.png
86,bumps2_training_36.csv,bumps2.png
87,bumps2_training_37.csv,bumps2.png
88,bumps2_training_38.csv,bumps2.png
89,bumps2_training_39.csv,bumps2.png
90,bumps2_training_40.csv,bumps2.png
91,bumps2_training_41.csv,bumps2.png
92,bumps2_training_42.csv,bumps2.png
93,bumps2_training_43.csv,bumps2.png
94,bumps2_training_44.csv,bumps2.png
95,bumps2_training_45.csv,bumps2.png
96,bumps2_training_46.csv,bumps2.png
97,bumps2_training_47.csv,bumps2.png
98,bumps2_training_48.csv,bumps2.png
99,bumps2_training_49.csv,bumps2.png
110,custom1_training_10.csv,custom1.png
111,custom1_training_11.csv,custom1.png
112,custom1_training_12.csv,custom1.png
113,custom1_training_13.csv,custom1.png
114,custom1_training_14.csv,custom1.png
115,custom1_training_15.csv,custom1.png
116,custom1_training_16.csv,custom1.png
117,custom1_training_17.csv,custom1.png
118,custom1_training_18.csv,custom1.png
119,custom1_training_19.csv,custom1.png
120,custom1_training_20.csv,custom1.png
121,custom1_training_21.csv,custom1.png
122,custom1_training_22.csv,custom1.png
123,custom1_training_23.csv,custom1.png
124,custom1_training_24.csv,custom1.png
125,custom1_training_25.csv,custom1.png
126,custom1_training_26.csv,custom1.png
127,custom1_training_27.csv,custom1.png
128,custom1_training_28.csv,custom1.png
129,custom1_training_29.csv,custom1.png
130,custom1_training_30.csv,custom1.png
131,custom1_training_31.csv,custom1.png
132,custom1_training_32.csv,custom1.png
133,custom1_training_33.csv,custom1.png
134,custom1_training_34.csv,custom1.png
135,custom1_training_35.csv,custom1.png
136,custom1_training_36.csv,custom1.png
137,custom1_training_37.csv,custom1.png
138,custom1_training_38.csv,custom1.png
139,custom1_training_39.csv,custom1.png
140,custom1_training_40.csv,custom1.png
141,custom1_training_41.csv,custom1.png
142,custom1_training_42.csv,custom1.png
143,custom1_training_43.csv,custom1.png
144,custom1_training_44.csv,custom1.png
145,custom1_training_45.csv,custom1.png
146,custom1_training_46.csv,custom1.png
147,custom1_training_47.csv,custom1.png
148,custom1_training_48.csv,custom1.png
149,custom1_training_49.csv,custom1.png
160,holes1_training_10.csv,holes1.png
161,holes1_training_11.csv,holes1.png
162,holes1_training_12.csv,holes1.png
163,holes1_training_13.csv,holes1.png
164,holes1_training_14.csv,holes1.png
165,holes1_training_15.csv,holes1.png
167,holes1_training_17.csv,holes1.png
168,holes1_training_18.csv,holes1.png
169,holes1_training_19.csv,holes1.png
170,holes1_training_20.csv,holes1.png
171,holes1_training_21.csv,holes1.png
172,holes1_training_22.csv,holes1.png
173,holes1_training_23.csv,holes1.png
174,holes1_training_24.csv,holes1.png
175,holes1_training_25.csv,holes1.png
176,holes1_training_26.csv,holes1.png
177,holes1_training_27.csv,holes1.png
178,holes1_training_28.csv,holes1.png
179,holes1_training_29.csv,holes1.png
180,holes1_training_30.csv,holes1.png
181,holes1_training_31.csv,holes1.png
182,holes1_training_32.csv,holes1.png
183,holes1_training_33.csv,holes1.png
184,holes1_training_34.csv,holes1.png
185,holes1_training_35.csv,holes1.png
186,holes1_training_36.csv,holes1.png
187,holes1_training_37.csv,holes1.png
188,holes1_training_38.csv,holes1.png
189,holes1_training_39.csv,holes1.png
190,holes1_training_40.csv,holes1.png
191,holes1_training_41.csv,holes1.png
192,holes1_training_42.csv,holes1.png
193,holes1_training_43.csv,holes1.png
194,holes1_training_44.csv,holes1.png
196,holes1_training_46.csv,holes1.png
197,holes1_training_47.csv,holes1.png
198,holes1_training_48.csv,holes1.png
199,holes1_training_49.csv,holes1.png
210,holes2_training_10.csv,holes2.png
211,holes2_training_11.csv,holes2.png
212,holes2_training_12.csv,holes2.png
213,holes2_training_13.csv,holes2.png
214,holes2_training_14.csv,holes2.png
215,holes2_training_15.csv,holes2.png
216,holes2_training_16.csv,holes2.png
217,holes2_training_17.csv,holes2.png
218,holes2_training_18.csv,holes2.png
219,holes2_training_19.csv,holes2.png
220,holes2_training_20.csv,holes2.png
221,holes2_training_21.csv,holes2.png
222,holes2_training_22.csv,holes2.png
223,holes2_training_23.csv,holes2.png
224,holes2_training_24.csv,holes2.png
225,holes2_training_25.csv,holes2.png
226,holes2_training_26.csv,holes2.png
227,holes2_training_27.csv,holes2.png
228,holes2_training_28.csv,holes2.png
229,holes2_training_29.csv,holes2.png
230,holes2_training_30.csv,holes2.png
231,holes2_training_31.csv,holes2.png
232,holes2_training_32.csv,holes2.png
233,holes2_training_33.csv,holes2.png
234,holes2_training_34.csv,holes2.png
235,holes2_training_35.csv,holes2.png
236,holes2_training_36.csv,holes2.png
237,holes2_training_37.csv,holes2.png
238,holes2_training_38.csv,holes2.png
239,holes2_training_39.csv,holes2.png
240,holes2_training_40.csv,holes2.png
241,holes2_training_41.csv,holes2.png
242,holes2_training_42.csv,holes2.png
243,holes2_training_43.csv,holes2.png
244,holes2_training_44.csv,holes2.png
245,holes2_training_45.csv,holes2.png
246,holes2_training_46.csv,holes2.png
247,holes2_training_47.csv,holes2.png
248,holes2_training_48.csv,holes2.png
249,holes2_training_49.csv,holes2.png
260,rails1_training_10.csv,rails1.png
261,rails1_training_11.csv,rails1.png
262,rails1_training_12.csv,rails1.png
263,rails1_training_13.csv,rails1.png
264,rails1_training_14.csv,rails1.png
266,rails1_training_16.csv,rails1.png
267,rails1_training_17.csv,rails1.png
268,rails1_training_18.csv,rails1.png
269,rails1_training_19.csv,rails1.png
270,rails1_training_20.csv,rails1.png
271,rails1_training_21.csv,rails1.png
272,rails1_training_22.csv,rails1.png
273,rails1_training_23.csv,rails1.png
274,rails1_training_24.csv,rails1.png
275,rails1_training_25.csv,rails1.png
276,rails1_training_26.csv,rails1.png
277,rails1_training_27.csv,rails1.png
278,rails1_training_28.csv,rails1.png
279,rails1_training_29.csv,rails1.png
280,rails1_training_30.csv,rails1.png
281,rails1_training_31.csv,rails1.png
282,rails1_training_32.csv,rails1.png
283,rails1_training_33.csv,rails1.png
284,rails1_training_34.csv,rails1.png
285,rails1_training_35.csv,rails1.png
286,rails1_training_36.csv,rails1.png
287,rails1_training_37.csv,rails1.png
288,rails1_training_38.csv,rails1.png
289,rails1_training_39.csv,rails1.png
290,rails1_training_40.csv,rails1.png
291,rails1_training_41.csv,rails1.png
292,rails1_training_42.csv,rails1.png
293,rails1_training_43.csv,rails1.png
294,rails1_training_44.csv,rails1.png
295,rails1_training_45.csv,rails1.png
296,rails1_training_46.csv,rails1.png
297,rails1_training_47.csv,rails1.png
298,rails1_training_48.csv,rails1.png
299,rails1_training_49.csv,rails1.png
310,rails2_training_10.csv,rails2.png
311,rails2_training_11.csv,rails2.png
312,rails2_training_12.csv,rails2.png
313,rails2_training_13.csv,rails2.png
314,rails2_training_14.csv,rails2.png
316,rails2_training_16.csv,rails2.png
317,rails2_training_17.csv,rails2.png
318,rails2_training_18.csv,rails2.png
319,rails2_training_19.csv,rails2.png
320,rails2_training_20.csv,rails2.png
321,rails2_training_21.csv,rails2.png
322,rails2_training_22.csv,rails2.png
324,rails2_training_24.csv,rails2.png
326,rails2_training_26.csv,rails2.png
327,rails2_training_27.csv,rails2.png
328,rails2_training_28.csv,rails2.png
329,rails2_training_29.csv,rails2.png
330,rails2_training_30.csv,rails2.png
331,rails2_training_31.csv,rails2.png
332,rails2_training_32.csv,rails2.png
333,rails2_training_33.csv,rails2.png
334,rails2_training_34.csv,rails2.png
337,rails2_training_37.csv,rails2.png
339,rails2_training_39.csv,rails2.png
340,rails2_training_40.csv,rails2.png
341,rails2_training_41.csv,rails2.png
342,rails2_training_42.csv,rails2.png
343,rails2_training_43.csv,rails2.png
344,rails2_training_44.csv,rails2.png
345,rails2_training_45.csv,rails2.png
346,rails2_training_46.csv,rails2.png
347,rails2_training_47.csv,rails2.png
348,rails2_training_48.csv,rails2.png
349,rails2_training_49.csv,rails2.png
360,slope_rocks1_training_10.csv,slope_rocks1.png
361,slope_rocks1_training_11.csv,slope_rocks1.png
362,slope_rocks1_training_12.csv,slope_rocks1.png
363,slope_rocks1_training_13.csv,slope_rocks1.png
364,slope_rocks1_training_14.csv,slope_rocks1.png
365,slope_rocks1_training_15.csv,slope_rocks1.png
366,slope_rocks1_training_16.csv,slope_rocks1.png
367,slope_rocks1_training_17.csv,slope_rocks1.png
368,slope_rocks1_training_18.csv,slope_rocks1.png
369,slope_rocks1_training_19.csv,slope_rocks1.png
370,slope_rocks1_training_20.csv,slope_rocks1.png
371,slope_rocks1_training_21.csv,slope_rocks1.png
372,slope_rocks1_training_22.csv,slope_rocks1.png
373,slope_rocks1_training_23.csv,slope_rocks1.png
374,slope_rocks1_training_24.csv,slope_rocks1.png
375,slope_rocks1_training_25.csv,slope_rocks1.png
376,slope_rocks1_training_26.csv,slope_rocks1.png
377,slope_rocks1_training_27.csv,slope_rocks1.png
378,slope_rocks1_training_28.csv,slope_rocks1.png
379,slope_rocks1_training_29.csv,slope_rocks1.png
380,slope_rocks1_training_30.csv,slope_rocks1.png
381,slope_rocks1_training_31.csv,slope_rocks1.png
382,slope_rocks1_training_32.csv,slope_rocks1.png
383,slope_rocks1_training_33.csv,slope_rocks1.png
384,slope_rocks1_training_34.csv,slope_rocks1.png
385,slope_rocks1_training_35.csv,slope_rocks1.png
386,slope_rocks1_training_36.csv,slope_rocks1.png
387,slope_rocks1_training_37.csv,slope_rocks1.png
388,slope_rocks1_training_38.csv,slope_rocks1.png
389,slope_rocks1_training_39.csv,slope_rocks1.png
390,slope_rocks1_training_40.csv,slope_rocks1.png
391,slope_rocks1_training_41.csv,slope_rocks1.png
392,slope_rocks1_training_42.csv,slope_rocks1.png
393,slope_rocks1_training_43.csv,slope_rocks1.png
394,slope_rocks1_training_44.csv,slope_rocks1.png
395,slope_rocks1_training_45.csv,slope_rocks1.png
396,slope_rocks1_training_46.csv,slope_rocks1.png
397,slope_rocks1_training_47.csv,slope_rocks1.png
398,slope_rocks1_training_48.csv,slope_rocks1.png
399,slope_rocks1_training_49.csv,slope_rocks1.png
410,slope_rocks2_training_10.csv,slope_rocks2.png
411,slope_rocks2_training_11.csv,slope_rocks2.png
412,slope_rocks2_training_12.csv,slope_rocks2.png
413,slope_rocks2_training_13.csv,slope_rocks2.png
414,slope_rocks2_training_14.csv,slope_rocks2.png
415,slope_rocks2_training_15.csv,slope_rocks2.png
416,slope_rocks2_training_16.csv,slope_rocks2.png
417,slope_rocks2_training_17.csv,slope_rocks2.png
418,slope_rocks2_training_18.csv,slope_rocks2.png
419,slope_rocks2_training_19.csv,slope_rocks2.png
420,slope_rocks2_training_20.csv,slope_rocks2.png
421,slope_rocks2_training_21.csv,slope_rocks2.png
422,slope_rocks2_training_22.csv,slope_rocks2.png
423,slope_rocks2_training_23.csv,slope_rocks2.png
424,slope_rocks2_training_24.csv,slope_rocks2.png
425,slope_rocks2_training_25.csv,slope_rocks2.png
426,slope_rocks2_training_26.csv,slope_rocks2.png
427,slope_rocks2_training_27.csv,slope_rocks2.png
428,slope_rocks2_training_28.csv,slope_rocks2.png
430,slope_rocks2_training_30.csv,slope_rocks2.png
431,slope_rocks2_training_31.csv,slope_rocks2.png
432,slope_rocks2_training_32.csv,slope_rocks2.png
433,slope_rocks2_training_33.csv,slope_rocks2.png
434,slope_rocks2_training_34.csv,slope_rocks2.png
435,slope_rocks2_training_35.csv,slope_rocks2.png
436,slope_rocks2_training_36.csv,slope_rocks2.png
437,slope_rocks2_training_37.csv,slope_rocks2.png
438,slope_rocks2_training_38.csv,slope_rocks2.png
440,slope_rocks2_training_40.csv,slope_rocks2.png
441,slope_rocks2_training_41.csv,slope_rocks2.png
442,slope_rocks2_training_42.csv,slope_rocks2.png
443,slope_rocks2_training_43.csv,slope_rocks2.png
444,slope_rocks2_training_44.csv,slope_rocks2.png
445,slope_rocks2_training_45.csv,slope_rocks2.png
446,slope_rocks2_training_46.csv,slope_rocks2.png
447,slope_rocks2_training_47.csv,slope_rocks2.png
448,slope_rocks2_training_48.csv,slope_rocks2.png
449,slope_rocks2_training_49.csv,slope_rocks2.png
460,steps1_training_10.csv,steps1.png
461,steps1_training_11.csv,steps1.png
462,steps1_training_12.csv,steps1.png
463,steps1_training_13.csv,steps1.png
464,steps1_training_14.csv,steps1.png
465,steps1_training_15.csv,steps1.png
466,steps1_training_16.csv,steps1.png
467,steps1_training_17.csv,steps1.png
468,steps1_training_18.csv,steps1.png
469,steps1_training_19.csv,steps1.png
471,steps1_training_21.csv,steps1.png
472,steps1_training_22.csv,steps1.png
473,steps1_training_23.csv,steps1.png
474,steps1_training_24.csv,steps1.png
475,steps1_training_25.csv,steps1.png
476,steps1_training_26.csv,steps1.png
477,steps1_training_27.csv,steps1.png
478,steps1_training_28.csv,steps1.png
480,steps1_training_30.csv,steps1.png
481,steps1_training_31.csv,steps1.png
483,steps1_training_33.csv,steps1.png
484,steps1_training_34.csv,steps1.png
485,steps1_training_35.csv,steps1.png
486,steps1_training_36.csv,steps1.png
487,steps1_training_37.csv,steps1.png
488,steps1_training_38.csv,steps1.png
489,steps1_training_39.csv,steps1.png
490,steps1_training_40.csv,steps1.png
491,steps1_training_41.csv,steps1.png
492,steps1_training_42.csv,steps1.png
493,steps1_training_43.csv,steps1.png
494,steps1_training_44.csv,steps1.png
495,steps1_training_45.csv,steps1.png
496,steps1_training_46.csv,steps1.png
497,steps1_training_47.csv,steps1.png
498,steps1_training_48.csv,steps1.png
499,steps1_training_49.csv,steps1.png
510,steps2_training_10.csv,steps2.png
511,steps2_training_11.csv,steps2.png
513,steps2_training_13.csv,steps2.png
514,steps2_training_14.csv,steps2.png
515,steps2_training_15.csv,steps2.png
516,steps2_training_16.csv,steps2.png
517,steps2_training_17.csv,steps2.png
518,steps2_training_18.csv,steps2.png
519,steps2_training_19.csv,steps2.png
520,steps2_training_20.csv,steps2.png
521,steps2_training_21.csv,steps2.png
522,steps2_training_22.csv,steps2.png
523,steps2_training_23.csv,steps2.png
524,steps2_training_24.csv,steps2.png
525,steps2_training_25.csv,steps2.png
527,steps2_training_27.csv,steps2.png
528,steps2_training_28.csv,steps2.png
529,steps2_training_29.csv,steps2.png
530,steps2_training_30.csv,steps2.png
531,steps2_training_31.csv,steps2.png
532,steps2_training_32.csv,steps2.png
533,steps2_training_33.csv,steps2.png
534,steps2_training_34.csv,steps2.png
535,steps2_training_35.csv,steps2.png
536,steps2_training_36.csv,steps2.png
537,steps2_training_37.csv,steps2.png
540,steps2_training_40.csv,steps2.png
542,steps2_training_42.csv,steps2.png
543,steps2_training_43.csv,steps2.png
545,steps2_training_45.csv,steps2.png
546,steps2_training_46.csv,steps2.png
547,steps2_training_47.csv,steps2.png
548,steps2_training_48.csv,steps2.png
549,steps2_training_49.csv,steps2.png
537,bars2_training_0.csv,bars2.png
538,bars2_training_1.csv,bars2.png
539,bars2_training_2.csv,bars2.png
540,bars2_training_3.csv,bars2.png
543,bars2_training_4.csv,bars2.png
544,bars2_training_5.csv,bars2.png
545,bars2_training_6.csv,bars2.png
546,bars2_training_7.csv,bars2.png
548,bars2_training_8.csv,bars2.png
549,bars2_training_9.csv,bars2.png
550,bars2_training_10.csv,bars2.png
551,bars2_training_11.csv,bars2.png
552,bars2_training_12.csv,bars2.png
529,bars2_training_13.csv,bars2.png
531,bars2_training_14.csv,bars2.png
532,bars2_training_15.csv,bars2.png
533,bars2_training_16.csv,bars2.png
534,bars2_training_17.csv,bars2.png
535,bars2_training_18.csv,bars2.png
536,bars2_training_19.csv,bars2.png
537,bars2_training_20.csv,bars2.png
538,bars2_training_21.csv,bars2.png
539,bars2_training_22.csv,bars2.png
540,bars2_training_23.csv,bars2.png
541,bars2_training_24.csv,bars2.png
544,bars2_training_25.csv,bars2.png
545,bars2_training_26.csv,bars2.png
546,bars2_training_27.csv,bars2.png
547,bars2_training_28.csv,bars2.png
549,bars2_training_29.csv,bars2.png
551,bars2_training_31.csv,bars2.png
552,bars2_training_32.csv,bars2.png
553,bars2_training_33.csv,bars2.png
530,bars2_training_34.csv,bars2.png
532,bars2_training_35.csv,bars2.png
533,bars2_training_36.csv,bars2.png
534,bars2_training_37.csv,bars2.png
535,bars2_training_38.csv,bars2.png
536,bars2_training_39.csv,bars2.png
537,bars2_training_40.csv,bars2.png
538,bars2_training_41.csv,bars2.png
539,bars2_training_42.csv,bars2.png
540,bars2_training_43.csv,bars2.png
541,bars2_training_44.csv,bars2.png
542,bars2_training_45.csv,bars2.png
545,bars2_training_46.csv,bars2.png
546,bars2_training_47.csv,bars2.png
547,bars2_training_48.csv,bars2.png
548,bars2_training_49.csv,bars2.png
553,bars3_training_0.csv,bars3.png
554,bars3_training_1.csv,bars3.png
531,bars3_training_2.csv,bars3.png
533,bars3_training_3.csv,bars3.png
534,bars3_training_4.csv,bars3.png
535,bars3_training_5.csv,bars3.png
536,bars3_training_6.csv,bars3.png
537,bars3_training_7.csv,bars3.png
538,bars3_training_8.csv,bars3.png
539,bars3_training_9.csv,bars3.png
540,bars3_training_10.csv,bars3.png
541,bars3_training_11.csv,bars3.png
542,bars3_training_12.csv,bars3.png
543,bars3_training_13.csv,bars3.png
546,bars3_training_14.csv,bars3.png
547,bars3_training_15.csv,bars3.png
548,bars3_training_16.csv,bars3.png
549,bars3_training_17.csv,bars3.png
554,bars3_training_18.csv,bars3.png
555,bars3_training_19.csv,bars3.png
532,bars3_training_20.csv,bars3.png
534,bars3_training_21.csv,bars3.png
535,bars3_training_22.csv,bars3.png
536,bars3_training_23.csv,bars3.png
537,bars3_training_24.csv,bars3.png
538,bars3_training_25.csv,bars3.png
539,bars3_training_26.csv,bars3.png
540,bars3_training_27.csv,bars3.png
541,bars3_training_28.csv,bars3.png
542,bars3_training_29.csv,bars3.png
543,bars3_training_30.csv,bars3.png
544,bars3_training_31.csv,bars3.png
547,bars3_training_32.csv,bars3.png
548,bars3_training_33.csv,bars3.png
549,bars3_training_34.csv,bars3.png
550,bars3_training_35.csv,bars3.png
555,bars3_training_36.csv,bars3.png
556,bars3_training_37.csv,bars3.png
533,bars3_training_38.csv,bars3.png
535,bars3_training_39.csv,bars3.png
536,bars3_training_40.csv,bars3.png
537,bars3_training_41.csv,bars3.png
538,bars3_training_42.csv,bars3.png
539,bars3_training_43.csv,bars3.png
540,bars3_training_44.csv,bars3.png
541,bars3_training_45.csv,bars3.png
542,bars3_training_46.csv,bars3.png
543,bars3_training_47.csv,bars3.png
544,bars3_training_48.csv,bars3.png
545,bars3_training_49.csv,bars3.png
548,bars3_training_50.csv,bars3.png
549,bars3_training_51.csv,bars3.png
550,bars3_training_52.csv,bars3.png
551,bars3_training_53.csv,bars3.png
556,bars3_training_54.csv,bars3.png
557,bars3_training_55.csv,bars3.png
534,bars3_training_56.csv,bars3.png
536,bars3_training_57.csv,bars3.png
537,bars3_training_58.csv,bars3.png
538,bars3_training_59.csv,bars3.png
539,bars3_training_60.csv,bars3.png
540,bars3_training_61.csv,bars3.png
541,bars3_training_62.csv,bars3.png
542,bars3_training_63.csv,bars3.png
543,bars3_training_64.csv,bars3.png
544,bars3_training_65.csv,bars3.png
545,bars3_training_66.csv,bars3.png
546,bars3_training_67.csv,bars3.png
549,bars3_training_68.csv,bars3.png
550,bars3_training_69.csv,bars3.png
551,bars3_training_70.csv,bars3.png
552,bars3_training_71.csv,bars3.png
557,bars3_training_72.csv,bars3.png
558,bars3_training_73.csv,bars3.png
535,bars3_training_74.csv,bars3.png
537,bars3_training_75.csv,bars3.png
538,bars3_training_76.csv,bars3.png
539,bars3_training_77.csv,bars3.png
540,bars3_training_78.csv,bars3.png
541,bars3_training_79.csv,bars3.png
542,bars3_training_80.csv,bars3.png
543,bars3_training_81.csv,bars3.png
544,bars3_training_82.csv,bars3.png
545,bars3_training_83.csv,bars3.png
546,bars3_training_84.csv,bars3.png
550,bars3_training_86.csv,bars3.png
551,bars3_training_87.csv,bars3.png
552,bars3_training_88.csv,bars3.png
553,bars3_training_89.csv,bars3.png
558,bars3_training_90.csv,bars3.png
559,bars3_training_91.csv,bars3.png
536,bars3_training_92.csv,bars3.png
538,bars3_training_93.csv,bars3.png
539,bars3_training_94.csv,bars3.png
540,bars3_training_95.csv,bars3.png
541,bars3_training_96.csv,bars3.png
542,bars3_training_97.csv,bars3.png
543,bars3_training_98.csv,bars3.png
544,bars3_training_99.csv,bars3.png
