,CSV,HEIGHTMAP
0,bars1_training_0.csv,bars1.png
1,bars1_training_1.csv,bars1.png
2,bars1_training_2.csv,bars1.png
3,bars1_training_3.csv,bars1.png
4,bars1_training_4.csv,bars1.png
5,bars1_training_5.csv,bars1.png
6,bars1_training_6.csv,bars1.png
7,bars1_training_7.csv,bars1.png
8,bars1_training_8.csv,bars1.png
9,bars1_training_9.csv,bars1.png
10,bars1_training_10.csv,bars1.png
11,bars1_training_11.csv,bars1.png
12,bars1_training_12.csv,bars1.png
13,bars1_training_13.csv,bars1.png
14,bars1_training_14.csv,bars1.png
15,bars1_training_15.csv,bars1.png
16,bars1_training_16.csv,bars1.png
17,bars1_training_17.csv,bars1.png
18,bars1_training_18.csv,bars1.png
19,bars1_training_19.csv,bars1.png
20,bars1_training_20.csv,bars1.png
21,bars1_training_21.csv,bars1.png
22,bars1_training_22.csv,bars1.png
23,bars1_training_23.csv,bars1.png
24,bars1_training_24.csv,bars1.png
25,bars1_training_25.csv,bars1.png
26,bars1_training_26.csv,bars1.png
27,bars1_training_27.csv,bars1.png
28,bars1_training_28.csv,bars1.png
29,bars1_training_29.csv,bars1.png
30,bars1_training_30.csv,bars1.png
31,bars1_training_31.csv,bars1.png
32,bars1_training_32.csv,bars1.png
33,bars1_training_33.csv,bars1.png
34,bars1_training_34.csv,bars1.png
35,bars1_training_35.csv,bars1.png
36,bars1_training_36.csv,bars1.png
37,bars1_training_37.csv,bars1.png
38,bars1_training_38.csv,bars1.png
39,bars1_training_39.csv,bars1.png
40,bars1_training_40.csv,bars1.png
41,bars1_training_41.csv,bars1.png
42,bars1_training_42.csv,bars1.png
43,bars1_training_43.csv,bars1.png
44,bars1_training_44.csv,bars1.png
45,bars1_training_45.csv,bars1.png
46,bars1_training_46.csv,bars1.png
47,bars1_training_47.csv,bars1.png
48,bars1_training_48.csv,bars1.png
49,bars1_training_49.csv,bars1.png
